,Cleaned_Text
0,di saat semua cowok berusaha melacak perhatian gue kamu lantas remehkan perhatian yang gue kasih khusus ke kamu basic kamu cowok bxgx
1,siapa yang telat memberi tau kamu xdxn sxrxp gue bergaul dengan cigax jifla calis sama siapa itu licew juga
2,41 kadang aku berpikir kenapa aku tetap percaya pada tuhan padahal aku selalu jatuh berkali kali kadang aku merasa tuhan itu meninggalkan aku sendirian ketika orang tuaku berencana berpisah ketika kakakku lebih memilih jadi kristen ketika aku anak ter
3,aku itu aku ku tau matamu sxpxt tapi dilihat dari mana itu aku
4,kaum cxbxng kxfxr sudah kelihatan dongoknya dari awal tambah dxngx lagi haha
5,ya bxnx txplxk dan kawan kawan
6,deklarasi pilihan kepala daerah 2018 aman dan anti hoaks warga dukuh sari jabon
7,gue baru saja selesai re watch aldnoah zero paling kxmprxt memang akhirnya 2 karakter utama cowoknya kena friendzone bro xd
8,nah admin belanja satu lagi po terbaik nak makan ais kepal milo ais kepal horlicks atau cendol toping kau kau di doket mana itu gerai rozak mertuaku taipan 2 depan kembar baby amp romantika bank islam senawang di
9,enak lagi kalau sambil ngxwx
10,setidaknya gue punya jari tengah buat kamu sebelum gue ukur nyali sama bxcxt kamu
11,bxncx kaleng malu tidak bisa jawab pertanyaan kami dari 2 hari lalu nyungsep koe
12,kalau belajar ekonomi mestinya jago memprivatisasi hati orang aduh ironi
13,aktor huru hara 98 prabowo si ingin lengserkan pemerintahan jokowi nyata
14,bu guru enakan jadi jxblxy atau guru sekolah dasar sih kayaknya menikmati jadi pxcxn ini guru
15,lawan bicara gue tidak intelek kayak kamu yang otak tidak punya tentang kencing xntx gue mengakui hadis nabi dan itu sahih kxfxr kayak kamu pasti menolak makanya kamu ahlun nar
16,belakangan ini kok pikiran xmpxs banget ya
17,ari sama beki adalah rapi mxnyxt
18,jadi cowok itu harus gantle kalau tidak gantle itu namanya bxncx
19,alga mnr bom
20,xnjxng ya tapi gue jarang mengambek takut wkwk gue kan budak cinta
21,kalau kamu nxxb pasti peluang disakiti nya lebih gede sih
22,joko widodo dinilai sebagai presiden terlemah dalam sejarah indonesia hal ini terjadi bukan saja karena jokowi tidak memiliki modal dukungan politik yang cukup melainkan juga karena ketidakmampuan pemerintahannya menghadapi situasi ekonomi tidak
23,pelajar sama kecamatan bilah hilir deklarasi anti hoaks amp pilihan kepala daerah 2018 damai
24,bandara udara internasional kertajati dibangun oleh gubernur ahmad heryawan tanpa gunakan anggaran pendapatan dan belanja negara pemerintah pusat insya allah siap beroperasi bulan depan
25,siapapun gubernur dan presidennya rakyatnya ya kitaa2 juga
26,ini sih kerjaannya delay mulu sxtxn
27,menurutku pintu sorga ada yaitu pintu sorga yang asli dan pintu hatimu modus banget
28,partai kxmxnxs indonesia hanya muncul jika jelang pemilihan kepala daerah dan pemilihan presiden karena digoreng sampai gosong
29,itu adalah sudah nenek nenek saya heran sama cxbxng biasanya bohong terus
30,islam nusantara produk jil dipasarkan dengan gencar oleh xntxk jil sementara jil anti arab tapi pro xsxng kata almarhum kh hasyim muzadi
31,dari habis sahur sampai jam 10 si bayi sudah nxtx empat kali sekarang rasanya lemas tak terkira
32,tidak kak emak adalah tidak suka sama yang sxpxt wkwk
33,kelakuan hxmx jaman now ngxntxt saja sambil live di blued gxy video gvid lokal hangat
34,tidak kak gue bukan orang jawa maaf ya gue orang palembang soalnya kakak saja deh yang belajar aksara jawa atau kelak mau belajar budaya palembang
35,pegawai guardian training lagi kayak mentang mentang gue kayak gxmbxl cuma kaos sama flat shoes bertanya dijutekin bxngsxt memang malas belinya juga kabur gue ke matahari
36,bxjxngxn yang telah melukai lady harus menerima ganjaran seratus kali lipat sanji selamat ulang tahun pelaut jkt48
37,ajakan menolak berita hoaks dan sukseskan pilihan kepala daerah di wilayah kota kediri
38,presiden ri jokowi luar biasa kerja nya tulus ikhlas untuk rakyat bersama jokowi
39,xdxn memang tujuannya fabiano
40,tidak pernah mendalami al alquran ya bang pantas saja mulutnya kayak orang kxfxr bxjxt hxnx farhat abbas law
41,sangat terlihat beda sekali kewibawaannya yang sangat berwibawa cuma gubernur indonesia masya allah
42,xnjxr baru kali ini lihat orang bxgx mau debat pilihan kepala daerah kerjanya menyerang karakter kecewa on kamu empok silvy and agus debat final pemilihan kepala daerah jakarta
43,gubernur zaman now gus ipul puti 2 ganjar yasin 1 djarot sihar 2 hasan anton 2 koster ace 1 nurdin sudirman 3 karolin gidot 2 keanekaragaman budaya suku agama itulah sesungguhnya kekayaan kita a tutur djarot di hadapan peserta rakercabsua
44,apa iya islam itu tidak boleh di lokalisasi lah kristen saja mas ada nusantaranya mas lihat saja di gereja di bandung ada yang pakai gamelan dan ada yang khotbah pakai bahas sunda jawa ada huria kristen batak protestan juga kurang nusantara apa
45,ciptakan situasi keamanan dan ketertiban masyarakat menjelang pilihan kepala daerah 2018 kepala kepolisian sektor konang silaturahmi ke tokoh masyarakat
46,positif kok se positif respon masyarakat terhadap cangkul impor garam impor beras impor jagung impor tenaga kerja impor esemka impor
47,kata sembahyang mengadopsi tradisi lokal pada masa pekerjaan hindu istilah lahir dari tradisi ritus yang tunggal sama dengan menyembah all
48,kamu pendidikan tinggi tapi bxdxh tidak ada larang bawa agama biar orang islam yang di bayar ahok sadar tidak jadi memilih ahok gxlx
49,ahok the best abaikan kaum kxmprxt otak micin
50,sih otak tempurung adalah tidak usah di meladeni semakin di lawan semakin belum dan dxngx dan kalau tidak begitu dia tidak makan hehe
